name_korean,name_english,ability_korean,ability_english,jpg_reference
루피,Luffy,[불꽃]을 [주사위]만큼 낮춥니다.,Lower the [Flame] by the [Die] result.,Luffy.jpg
조로,Zoro,"이번 차례 동안에만, 동료 1명의 파워를 최대 [주사위]만큼 높이거나 낮춥니다.","For this turn only, raise or lower 1 crewmate's Power by up to the [Die] result.",Zoro.jpg
나미,Nami,최대 [주사위]번까지 교환합니다.,Swap up to [Die] times.,Nami.jpg
우솝,Usopp,"누군가가 [주사위]를 굴리려 할 때, 굴리지 않고 결과를 정할 수 있습니다.","When someone is about to roll the [Die], you may set the result instead of rolling.",Usopp.jpg
상디,Sanji,"이번 차례 동안에만, 동료 1명의 색깔을 바꿉니다.","For this turn only, change the colour of 1 crewmate.",Sanji.jpg
쵸파,Chopper,"버려져 있는 동료를 [주사위]명 선택해 동료 더미에 섞어 넣습니다. 게임 중 단 1번, 그중 1명을 쓰러진 동료 구역에서 선택해도 됩니다.","Choose [Die] discarded crewmates and shuffle them into the crewmate deck. Once per game, you may pick 1 of those from the fallen crewmate area instead.",Chopper.jpg
로빈,Robin,동료 더미 맨 위 동료 [주사위]명을 앞면을 보지 않고 데려와 플레이어들끼리 자유롭게 나눠 갖습니다.,"Take the top [Die] crewmates from the crewmate deck without looking at their faces, then the players freely divide them among themselves.",Robin.jpg
프랑키,Franky,아무 플레이어 1명이 즉시 영입할 수 있습니다.,Any 1 player may immediately Recruit.,Franky.jpg
브룩,Brook,다른 플레이어 최대 [주사위]명의 캐릭터를 파워 업! 합니다.,Power Up! the characters of up to [Die] other players.,Brook.jpg
징베,Jinbe,최대 [주사위]번까지 이동합니다.,Move up to [Die] times.,Jinbe.jpg
,Card Back,,(Card back - no text),Card_Back.jpg
